{
	"pages": [{
		"path": "pages/index/index",
		"style": {
			"navigationStyle": "custom",
			"enablePullDownRefresh": true
		}
	}, {
		"path": "pages/order_manage/order_manage",
		"style": {
			"navigationBarTitleText": "订单管理",
			"enablePullDownRefresh": true
		}
	}, {
		"path": "pages/order_detail/order_detail",
		"style": {
			"navigationBarTitleText": "订单详情",
			"enablePullDownRefresh": true
		}
	}, {
		"path": "pages/mine/mine",
		"style": {
			"navigationBarTitleText": "我的"
		}
	}, {
		"path": "pages/login/login",
		"style": {
			"navigationBarTitleText": "登录"
		}
	}, {
		"path": "pages/about/about",
		"style": {
			"navigationBarTitleText": "关于我们"
		}
	}, {
		"path": "pages/order_confirm/order_confirm",
		"style": {
			"navigationBarTitleText": "确认订单"
		}
	}, {
		"path": "pages/cart/cart",
		"style": {
			"navigationBarTitleText": "购物车"
		}
	}, {
		"path": "pages/category/category",
		"style": {
			"navigationBarTitleText": "商品分类"
		}
	}, {
		"path": "pages/detail/detail",
		"style": {
			"navigationBarTitleText": "商品详情",
			"enablePullDownRefresh": true
		}
	}, {
		"path": "pages/list/list",
		"style": {
			"navigationBarTitleText": "商品列表"
		}
	}, {
		"path": "pages/search/search",
		"style": {
			"navigationBarTitleText": "搜索"
		}
	}, {
		"path": "pages/webview/webview",
		"style": {
			"navigationBarTitleText": "",
			"enablePullDownRefresh": false
		}
	}, {
		"path": "pages/comment/comment",
		"style": {
			"navigationBarTitleText": "评论",
			"enablePullDownRefresh": false
		}
	}],
	"globalStyle": {
		"navigationBarTextStyle": "black",
		"navigationBarTitleText": "追格",
		"navigationBarBackgroundColor": "#F8F8F8",
		"backgroundColor": "#F8F8F8"
	},
	"tabBar": {
		"borderStyle": "white",
		"backgroundColor": "#FFFFFF",
		"color": "#8F8F94",
		"selectedColor": "#FF4422",
		// #ifndef MP-WEIXIN
		"iconWidth": "28px",
		// #endif
		"list": [{
				"pagePath": "pages/index/index",
				"iconPath": "static/images/tabbar/home.png",
				"selectedIconPath": "static/images/tabbar/home_p.png",
				"text": "首页"
			},
			{
				"pagePath": "pages/category/category",
				"iconPath": "static/images/tabbar/category.png",
				"selectedIconPath": "static/images/tabbar/category_p.png",
				"text": "分类"
			},
			{
				"pagePath": "pages/cart/cart",
				"iconPath": "static/images/tabbar/cart.png",
				"selectedIconPath": "static/images/tabbar/cart_p.png",
				"text": "购物车"
			},
			{
				"pagePath": "pages/mine/mine",
				"iconPath": "static/images/tabbar/mine.png",
				"selectedIconPath": "static/images/tabbar/mine_p.png",
				"text": "我的"
			}
		]
	}
}
